Date and time;Name;Surname;Formula2;Will you stay for the lunch break?;Do you want to receive our updateSìn the next events?
2018/01/03 9:13:39 AM CET;Aldo;Abbracciavento;14;Sì;No
2018/01/05 4:08:41 PM CET;Ilaria ;Magnati;7;Sì;Sì
2018/01/05 8:41:59 PM CET;Daniele;Carpi;5;Sì;Sì
2018/01/05 10:06:14 PM CET;Fabio;Dosi;4;Sì;Sì
2018/01/06 8:18:11 PM CET;vittorio;Zanni;5;Sì;Sì
2018/01/07 8:43:13 AM CET;Ezio;Ugolotti;8;Sì;Sì
2018/01/08 7:46:43 AM CET;cristina;Arpiani;7;Sì;No
2018/01/08 8:08:19 AM CET;emilio;Andreatti;9;Sì;Sì
2018/01/08 8:51:11 AM CET;Roberto;Pagliari;8;Sì;Sì
2018/01/08 9:05:12 AM CET;Paolo;Gardelli;8;Sì;Sì
2018/01/08 1:03:24 PM CET;Nello;Melioli;7;Sì;Sì
2018/01/08 2:56:04 PM CET;daniela;Pesci;5;Sì;Sì
2018/01/08 4:38:03 PM CET;felicetta;Rizza;5;Sì;Sì
2018/01/08 4:43:20 PM CET;Emanuella;Vurchio;7;Sì;Sì
2018/01/08 5:09:21 PM CET;Daniela;Pesci;5;Sì;Sì
2018/01/08 5:10:21 PM CET;Paolo;Giampietri;10;Sì;Sì
2018/01/08 5:35:49 PM CET;Margherita ;Pernis;6;Sì;Sì
2018/01/08 7:05:42 PM CET;Roberto;Rizzi;5;Sì;Sì
2018/01/08 7:08:32 PM CET;PAOLO;Armani;6;Sì;Sì
2018/01/08 7:09:59 PM CET;Bruno;Pecorara;8;Sì;Sì
2018/01/08 9:04:52 PM CET;Stefano ;Devincenzi;10;Sì;Sì
2018/01/08 9:20:22 PM CET;Giovanni;Martone;7;Sì;Sì
2018/01/08 10:58:30 PM CET;Eugenio;Ceci;4;Sì;Sì
2018/01/09 12:28:08 PM CET;Carlo ;Chidini;7;Sì;No
2018/01/09 12:36:22 PM CET;Giancarlo ;Pedesini;8;Sì;Sì
2018/01/09 2:54:38 PM CET;Claudio;Dazzi;5;Sì;Sì
2018/01/09 2:55:18 PM CET;Giancarlo;Pedesini;8;Sì;No
2018/01/09 4:59:14 PM CET;gian paolo;Melegari;8;Sì;Sì
2018/01/10 8:33:49 AM CET;Alessandra;Gardoni;7;Sì;Sì
2018/01/10 8:36:12 AM CET;Salvatore;Pennisi;7;Sì;Sì
2018/01/10 9:17:53 AM CET;Angelo;Testi;5;Sì;Sì
2018/01/10 10:06:33 AM CET;MARCELLO ;Foglietta;9;Sì;No
2018/01/10 6:34:06 PM CET;Luciano;Zatti;5;Sì;Sì
2018/01/10 8:29:29 PM CET;Cherubino ;Amanti;6;Sì;Sì
2018/01/10 8:37:26 PM CET;Lidia;Guerci;6;Sì;Sì
2018/01/11 4:48:09 PM CET;Alberto;Agnetti;7;Sì;Sì
2018/01/11 8:27:03 PM CET;Giorgio;Delledonne;10;Sì;Sì
2018/01/12 9:52:59 AM CET;Silvana;Barili;6;Sì;Sì
2018/01/12 9:53:31 AM CET;Cristina;Arpiani;7;Sì;Sì
2018/01/12 10:24:49 AM CET;Daniele;Biacca;6;Sì;No
2018/01/12 10:48:53 AM CET;Patrizia;Lambruschi;10;Sì;Sì
2018/01/12 11:16:38 AM CET;Silvana;Guaitoli;8;Sì;Sì
2018/01/12 9:22:04 PM CET;Mirco;Cavagni;7;Sì;Sì
2018/01/13 4:48:14 PM CET;WondwoSìn;Woldemichael;12;Sì;Sì
2018/01/13 4:50:53 PM CET;Paolo;Brignoli;8;Sì;Sì
2018/01/13 4:51:47 PM CET;Paoli;Brignoli;8;Sì;Sì
2018/01/15 9:57:57 AM CET;Luciano;Tarquini;8;Sì;Sì
2018/01/15 6:55:40 PM CET;Inga;Dall‘«÷Aglio;12;Sì;Sì
2018/01/15 8:45:14 PM CET;Mirco;Cattani;7;Sì;Sì
2018/01/16 10:45:33 AM CET;luciano;Cargioli;8;Sì;Sì
2018/01/17 3:50:27 PM CET;MAURIZIO ;Gandolfi;8;Sì;Sì