Timestamp;In what month and year did you visit the museum?;Questa sua ultima visita al Museo d’Arte Cinese ed Etnografico di Parma è stata in occasione di un evento?;Se si, a quale evento ha partecipato?;Con quale frequenza è entrato in contatto con il Museo d’Arte Cinese ed Etnografico di Parma attraverso ciascuna delle seguenti modalità? Risponda utilizzando una scala da 1 a 7, dove 1= mai e 7= spesso. [Giornali, riviste];Con quale frequenza è entrato in contatto con il Museo d’Arte Cinese ed Etnografico di Parma attraverso ciascuna delle seguenti modalità? Risponda utilizzando una scala da 1 a 7, dove 1= mai e 7= spesso. [Brochure, volantini];Con quale frequenza è entrato in contatto con il Museo d’Arte Cinese ed Etnografico di Parma attraverso ciascuna delle seguenti modalità? Risponda utilizzando una scala da 1 a 7, dove 1= mai e 7= spesso. [Cartelloni pubblicitari, affissioni];Con quale frequenza è entrato in contatto con il Museo d’Arte Cinese ed Etnografico di Parma attraverso ciascuna delle seguenti modalità? Risponda utilizzando una scala da 1 a 7, dove 1= mai e 7= spesso. [Eventi];Con quale frequenza è entrato in contatto con il Museo d’Arte Cinese ed Etnografico di Parma attraverso ciascuna delle seguenti modalità? Risponda utilizzando una scala da 1 a 7, dove 1= mai e 7= spesso. [Segnaletica stradale, insegna del museo];Con quale frequenza è entrato in contatto con il Museo d’Arte Cinese ed Etnografico di Parma attraverso ciascuna delle seguenti modalità? Risponda utilizzando una scala da 1 a 7, dove 1= mai e 7= spesso. [Sito web del museo];Con quale frequenza è entrato in contatto con il Museo d’Arte Cinese ed Etnografico di Parma attraverso ciascuna delle seguenti modalità? Risponda utilizzando una scala da 1 a 7, dove 1= mai e 7= spesso. [Social media del museo (Facebook, Instagram, LinkedIn)];Con quale frequenza è entrato in contatto con il Museo d’Arte Cinese ed Etnografico di Parma attraverso ciascuna delle seguenti modalità? Risponda utilizzando una scala da 1 a 7, dove 1= mai e 7= spesso. [Piattaforme di raccolta recensioni (ad es. Tripadvisor)];Con quale frequenza è entrato in contatto con il Museo d’Arte Cinese ed Etnografico di Parma attraverso ciascuna delle seguenti modalità? Risponda utilizzando una scala da 1 a 7, dove 1= mai e 7= spesso. [Staff del museo];Con quale frequenza è entrato in contatto con il Museo d’Arte Cinese ed Etnografico di Parma attraverso ciascuna delle seguenti modalità? Risponda utilizzando una scala da 1 a 7, dove 1= mai e 7= spesso. [Mappe, guide, totem o segnaletica all’interno del museo];Con quale frequenza è entrato in contatto con il Museo d’Arte Cinese ed Etnografico di Parma attraverso ciascuna delle seguenti modalità? Risponda utilizzando una scala da 1 a 7, dove 1= mai e 7= spesso. [Bookshop];Con quale frequenza è entrato in contatto con il Museo d’Arte Cinese ed Etnografico di Parma attraverso ciascuna delle seguenti modalità? Risponda utilizzando una scala da 1 a 7, dove 1= mai e 7= spesso. [Audioguida];Con quale frequenza è entrato in contatto con il Museo d’Arte Cinese ed Etnografico di Parma attraverso ciascuna delle seguenti modalità? Risponda utilizzando una scala da 1 a 7, dove 1= mai e 7= spesso. [Installazioni interattive e immersive (touchscreen, tv, grande schermo)];Con quale frequenza è entrato in contatto con il Museo d’Arte Cinese ed Etnografico di Parma attraverso ciascuna delle seguenti modalità? Risponda utilizzando una scala da 1 a 7, dove 1= mai e 7= spesso. [App];"Ripensando a ciascun contatto che ha avuto con il Museo d’Arte Cinese ed Etnografico di Parma attraverso le modalità che ci ha indicato sopra, come valuta ciascun contatto? Risponda utilizzando una scala di valutazione da 1 a 7, dove 1 = molto negativo e 7= molto positivo. Se non è mai entrato in contatto con una o più di queste modalità selezioni ""non posso rispondere"".  [Giornali, riviste]";"Ripensando a ciascun contatto che ha avuto con il Museo d’Arte Cinese ed Etnografico di Parma attraverso le modalità che ci ha indicato sopra, come valuta ciascun contatto? Risponda utilizzando una scala di valutazione da 1 a 7, dove 1 = molto negativo e 7= molto positivo. Se non è mai entrato in contatto con una o più di queste modalità selezioni ""non posso rispondere"".  [Brochure, volantini]";"Ripensando a ciascun contatto che ha avuto con il Museo d’Arte Cinese ed Etnografico di Parma attraverso le modalità che ci ha indicato sopra, come valuta ciascun contatto? Risponda utilizzando una scala di valutazione da 1 a 7, dove 1 = molto negativo e 7= molto positivo. Se non è mai entrato in contatto con una o più di queste modalità selezioni ""non posso rispondere"".  [Cartelloni pubblicitari, affissioni]";"Ripensando a ciascun contatto che ha avuto con il Museo d’Arte Cinese ed Etnografico di Parma attraverso le modalità che ci ha indicato sopra, come valuta ciascun contatto? Risponda utilizzando una scala di valutazione da 1 a 7, dove 1 = molto negativo e 7= molto positivo. Se non è mai entrato in contatto con una o più di queste modalità selezioni ""non posso rispondere"".  [Eventi]";"Ripensando a ciascun contatto che ha avuto con il Museo d’Arte Cinese ed Etnografico di Parma attraverso le modalità che ci ha indicato sopra, come valuta ciascun contatto? Risponda utilizzando una scala di valutazione da 1 a 7, dove 1 = molto negativo e 7= molto positivo. Se non è mai entrato in contatto con una o più di queste modalità selezioni ""non posso rispondere"".  [Segnaletica stradale, insegna del museo]";"Ripensando a ciascun contatto che ha avuto con il Museo d’Arte Cinese ed Etnografico di Parma attraverso le modalità che ci ha indicato sopra, come valuta ciascun contatto? Risponda utilizzando una scala di valutazione da 1 a 7, dove 1 = molto negativo e 7= molto positivo. Se non è mai entrato in contatto con una o più di queste modalità selezioni ""non posso rispondere"".  [Sito web del museo]";"Ripensando a ciascun contatto che ha avuto con il Museo d’Arte Cinese ed Etnografico di Parma attraverso le modalità che ci ha indicato sopra, come valuta ciascun contatto? Risponda utilizzando una scala di valutazione da 1 a 7, dove 1 = molto negativo e 7= molto positivo. Se non è mai entrato in contatto con una o più di queste modalità selezioni ""non posso rispondere"".  [Social media del museo (Facebook, Instagram, LinkedIn)]";"Ripensando a ciascun contatto che ha avuto con il Museo d’Arte Cinese ed Etnografico di Parma attraverso le modalità che ci ha indicato sopra, come valuta ciascun contatto? Risponda utilizzando una scala di valutazione da 1 a 7, dove 1 = molto negativo e 7= molto positivo. Se non è mai entrato in contatto con una o più di queste modalità selezioni ""non posso rispondere"".  [Piattaforme di raccolta recensioni (ad es. Tripadvisor)]";"Ripensando a ciascun contatto che ha avuto con il Museo d’Arte Cinese ed Etnografico di Parma attraverso le modalità che ci ha indicato sopra, come valuta ciascun contatto? Risponda utilizzando una scala di valutazione da 1 a 7, dove 1 = molto negativo e 7= molto positivo. Se non è mai entrato in contatto con una o più di queste modalità selezioni ""non posso rispondere"".  [Staff del museo]";"Ripensando a ciascun contatto che ha avuto con il Museo d’Arte Cinese ed Etnografico di Parma attraverso le modalità che ci ha indicato sopra, come valuta ciascun contatto? Risponda utilizzando una scala di valutazione da 1 a 7, dove 1 = molto negativo e 7= molto positivo. Se non è mai entrato in contatto con una o più di queste modalità selezioni ""non posso rispondere"".  [Mappe, guide, totem o segnaletica all’interno del museo]";"Ripensando a ciascun contatto che ha avuto con il Museo d’Arte Cinese ed Etnografico di Parma attraverso le modalità che ci ha indicato sopra, come valuta ciascun contatto? Risponda utilizzando una scala di valutazione da 1 a 7, dove 1 = molto negativo e 7= molto positivo. Se non è mai entrato in contatto con una o più di queste modalità selezioni ""non posso rispondere"".  [Bookshop]";"Ripensando a ciascun contatto che ha avuto con il Museo d’Arte Cinese ed Etnografico di Parma attraverso le modalità che ci ha indicato sopra, come valuta ciascun contatto? Risponda utilizzando una scala di valutazione da 1 a 7, dove 1 = molto negativo e 7= molto positivo. Se non è mai entrato in contatto con una o più di queste modalità selezioni ""non posso rispondere"".  [Audioguida]";"Ripensando a ciascun contatto che ha avuto con il Museo d’Arte Cinese ed Etnografico di Parma attraverso le modalità che ci ha indicato sopra, come valuta ciascun contatto? Risponda utilizzando una scala di valutazione da 1 a 7, dove 1 = molto negativo e 7= molto positivo. Se non è mai entrato in contatto con una o più di queste modalità selezioni ""non posso rispondere"".  [Installazioni interattive e immersive (touchscreen, tv, grande schermo)]";"Ripensando a ciascun contatto che ha avuto con il Museo d’Arte Cinese ed Etnografico di Parma attraverso le modalità che ci ha indicato sopra, come valuta ciascun contatto? Risponda utilizzando una scala di valutazione da 1 a 7, dove 1 = molto negativo e 7= molto positivo. Se non è mai entrato in contatto con una o più di queste modalità selezioni ""non posso rispondere"".  [App]";Ci dica, sempre pensando a questa sua ultima visita al Museo d’Arte Cinese ed Etnografico di Parma, quanto è d’accordo con le seguenti affermazioni su una scala da 1 a 7 (1 = “per niente d’accordo”, 7= “completamente d’accordo”). [Sono soddisfatto della mia decisione di visitare il Museo d’arte Cinese ed Etnografico di Parma.];Ci dica, sempre pensando a questa sua ultima visita al Museo d’Arte Cinese ed Etnografico di Parma, quanto è d’accordo con le seguenti affermazioni su una scala da 1 a 7 (1 = “per niente d’accordo”, 7= “completamente d’accordo”). [La mia scelta di visitare il Museo d’Arte Cinese ed Etnografico di Parma è stata una buona scelta.];Ci dica, sempre pensando a questa sua ultima visita al Museo d’Arte Cinese ed Etnografico di Parma, quanto è d’accordo con le seguenti affermazioni su una scala da 1 a 7 (1 = “per niente d’accordo”, 7= “completamente d’accordo”). [Penso di aver fatto la scelta giusta quando ho deciso di visitare il Museo d’Arte Cinese ed Etnografico di Parma.];Ci dica, sempre pensando a questa sua ultima visita al Museo d’Arte Cinese ed Etnografico di Parma, quanto è d’accordo con le seguenti affermazioni su una scala da 1 a 7 (1 = “per niente d’accordo”, 7= “completamente d’accordo”). [Penso che la mia esperienza di visita al Museo d’Arte Cinese ed Etnografico di Parma sia stata piacevole.];Ci dica quanto si ritiene soddisfatto nel complesso di questa sua ultima visita al Museo d’arte Cinese ed Etnografico di Parma utilizzando una scala da 1 a 7.;Ci dica, dopo aver visitato il Museo d’Arte Cinese ed Etnografico di Parma, qual è la probabilità che tenga i seguenti comportamenti, su una scala da 1 a 7 (1= per niente probabile, 7= molto probabile). [Dopo aver visitato il museo, farò passaparola positivo.];Ci dica, dopo aver visitato il Museo d’Arte Cinese ed Etnografico di Parma, qual è la probabilità che tenga i seguenti comportamenti, su una scala da 1 a 7 (1= per niente probabile, 7= molto probabile). [Raccomanderò ai miei amici e conoscenti una visita al Museo d’arte Cinese ed Etnografico di Parma.];Ci dica, dopo aver visitato il Museo d’Arte Cinese ed Etnografico di Parma, qual è la probabilità che tenga i seguenti comportamenti, su una scala da 1 a 7 (1= per niente probabile, 7= molto probabile). [Ai miei amici e conoscenti che cercano un museo da visitare, raccomanderei il Museo d’Arte Cinese ed Etnografico di Parma.];Ci dica, dopo aver visitato il Museo d’Arte Cinese ed Etnografico di Parma, quanto è d’accordo con le seguenti affermazioni utilizzando una scala da 1 a 7 (1 = “per niente d’accordo”, 7= “completamente d’accordo”). [Il museo d’Arte Cinese ed Etnografico di Parma sarà la mia prima scelta in futuro.];Ci dica, dopo aver visitato il Museo d’Arte Cinese ed Etnografico di Parma, quanto è d’accordo con le seguenti affermazioni utilizzando una scala da 1 a 7 (1 = “per niente d’accordo”, 7= “completamente d’accordo”). [Visiterò di nuovo il Museo d’Arte Cinese ed Etnografico di Parma.];Ci dica, dopo aver visitato il Museo d’Arte Cinese ed Etnografico di Parma, quanto è d’accordo con le seguenti affermazioni utilizzando una scala da 1 a 7 (1 = “per niente d’accordo”, 7= “completamente d’accordo”). [Rivisiterò il Museo d’Arte Cinese ed Etnografico di Parma nell’immediato futuro.];Ci dica, dopo aver visitato il Museo d’Arte Cinese ed Etnografico di Parma, quanto è d’accordo con le seguenti affermazioni utilizzando una scala da 1 a 7 (1 = “per niente d’accordo”, 7= “completamente d’accordo”). [Ho intenzione di rivisitare il Museo d’Arte Cinese ed Etnografico se tornerò di nuovo a Parma.];Ci dica, dopo aver visitato il Museo d’Arte Cinese ed Etnografico di Parma, quanto è d’accordo con le seguenti affermazioni utilizzando una scala da 1 a 7 (1 = “per niente d’accordo”, 7= “completamente d’accordo”). [Visiterò il Museo d’Arte Cinese ed Etnografico ancora, anche se ci saranno altri musei simili nelle vicinanze.]
2023/01/11 1:53:51 AM GMT+2;01/06/2022;No;;6;5;3;7= spesso;4;6;7= spesso;5;5;5;5;5;5;4;7= molto positivo;6;4;7= molto positivo;5;non posso rispondere;non posso rispondere;5;non posso rispondere;non posso rispondere;non posso rispondere;non posso rispondere;non posso rispondere;6;7= completamente d'accordo;7= completamente d'accordo;7= completamente d'accordo;7= completamente d'accordo;7;7= molto probabile;7= molto probabile;7= molto probabile;4;6;4;6;6
2023/01/11 1:56:33 AM GMT+2;01/06/2022;No;;6;4;4;7= spesso;5;7= spesso;7= spesso;5;6;5;6;6;6;4;6;6;5;7= molto positivo;5;7= molto positivo;7= molto positivo;5;7= molto positivo;7= molto positivo;6;7= molto positivo;7= molto positivo;4;7= completamente d'accordo;7= completamente d'accordo;7= completamente d'accordo;7= completamente d'accordo;7;7= molto probabile;7= molto probabile;7= molto probabile;3;7= completamente d'accordo;3;7= completamente d'accordo;6
2023/01/11 1:58:56 AM GMT+2;01/06/2022;No;;7= spesso;6;5;7= spesso;5;6;6;5;6;6;6;6;6;5;7= molto positivo;6;5;7= molto positivo;6;7= molto positivo;7= molto positivo;6;7= molto positivo;7= molto positivo;7= molto positivo;7= molto positivo;6;5;7= completamente d'accordo;7= completamente d'accordo;7= completamente d'accordo;7= completamente d'accordo;7;7= molto probabile;7= molto probabile;7= molto probabile;4;6;5;7= completamente d'accordo;7= completamente d'accordo
2023/01/11 2:01:14 AM GMT+2;01/06/2022;No;;7= spesso;5;5;7= spesso;5;6;7= spesso;5;5;6;6;6;5;5;7= molto positivo;7= molto positivo;6;7= molto positivo;5;7= molto positivo;7= molto positivo;6;7= molto positivo;7= molto positivo;7= molto positivo;7= molto positivo;6;6;7= completamente d'accordo;7= completamente d'accordo;7= completamente d'accordo;7= completamente d'accordo;7;7= molto probabile;7= molto probabile;7= molto probabile;5;6;5;7= completamente d'accordo;6
2023/01/11 2:03:24 AM GMT+2;01/06/2022;No;;6;5;5;7= spesso;5;6;7= spesso;5;6;6;6;6;5;4;6;6;5;7= molto positivo;6;7= molto positivo;7= molto positivo;6;7= molto positivo;7= molto positivo;7= molto positivo;7= molto positivo;6;5;7= completamente d'accordo;7= completamente d'accordo;7= completamente d'accordo;7= completamente d'accordo;7;7= molto probabile;7= molto probabile;7= molto probabile;5;7= completamente d'accordo;5;7= completamente d'accordo;7= completamente d'accordo
2023/01/11 2:06:02 AM GMT+2;01/06/2022;No;;6;5;5;6;5;6;7= spesso;6;6;6;6;6;5;5;7= molto positivo;7= molto positivo;6;7= molto positivo;6;7= molto positivo;7= molto positivo;6;7= molto positivo;6;6;6;5;5;7= completamente d'accordo;7= completamente d'accordo;7= completamente d'accordo;7= completamente d'accordo;7;7= molto probabile;7= molto probabile;7= molto probabile;5;7= completamente d'accordo;5;7= completamente d'accordo;7= completamente d'accordo
2023/01/11 2:08:09 AM GMT+2;01/06/2022;No;;6;5;5;7= spesso;5;6;6;6;6;6;6;6;5;4;7= molto positivo;6;5;7= molto positivo;6;6;6;6;7= molto positivo;7= molto positivo;6;6;5;4;7= completamente d'accordo;7= completamente d'accordo;7= completamente d'accordo;7= completamente d'accordo;7;7= molto probabile;7= molto probabile;7= molto probabile;5;6;5;6;6
2023/01/11 2:10:09 AM GMT+2;01/06/2022;No;;7= spesso;5;5;7= spesso;5;7= spesso;7= spesso;6;5;6;6;6;5;5;7= molto positivo;6;6;7= molto positivo;6;7= molto positivo;7= molto positivo;6;6;6;6;6;5;5;7= completamente d'accordo;7= completamente d'accordo;7= completamente d'accordo;7= completamente d'accordo;7;7= molto probabile;7= molto probabile;7= molto probabile;6;5;5;6;6
2023/01/11 2:14:11 AM GMT+2;01/06/2022;No;;6;4;4;6;5;5;7= spesso;5;6;6;5;6;6;5;6;7= molto positivo;6;7= molto positivo;5;6;7= molto positivo;5;7= molto positivo;7= molto positivo;6;7= molto positivo;6;5;7= completamente d'accordo;7= completamente d'accordo;7= completamente d'accordo;7= completamente d'accordo;7;7= molto probabile;7= molto probabile;7= molto probabile;3;6;3;6;6
2023/01/11 2:14:15 AM GMT+2;01/06/2022;No;;6;4;4;6;5;5;7= spesso;5;6;6;5;6;6;5;6;7= molto positivo;6;7= molto positivo;5;6;7= molto positivo;5;7= molto positivo;7= molto positivo;6;7= molto positivo;6;5;7= completamente d'accordo;7= completamente d'accordo;7= completamente d'accordo;7= completamente d'accordo;7;7= molto probabile;7= molto probabile;7= molto probabile;3;6;3;6;6
2023/01/11 2:16:47 AM GMT+2;01/07/2022;No;;5;4;4;6;4;4;7= spesso;4;4;5;5;5;5;4;6;6;6;7= molto positivo;4;7= molto positivo;7= molto positivo;5;7= molto positivo;7= molto positivo;6;7= molto positivo;6;5;6;6;6;6;6;6;6;6;4;6;3;6;5
2023/01/11 2:19:15 AM GMT+2;01/06/2022;No;;7= spesso;5;5;7= spesso;6;7= spesso;7= spesso;6;6;6;6;6;5;5;7= molto positivo;5;5;7= molto positivo;6;7= molto positivo;7= molto positivo;6;6;6;6;6;5;5;7= completamente d'accordo;7= completamente d'accordo;7= completamente d'accordo;7= completamente d'accordo;7;7= molto probabile;7= molto probabile;7= molto probabile;4;6;2;6;6
2023/01/11 2:21:07 AM GMT+2;01/06/2022;No;;1= mai;1= mai;1= mai;1= mai;2;2;1= mai;1= mai;1= mai;2;1= mai;1= mai;1= mai;1= mai;4;4;4;4;4;4;4;4;4;4;4;4;4;4;7= completamente d'accordo;7= completamente d'accordo;7= completamente d'accordo;7= completamente d'accordo;7;6;5;7= molto probabile;3;5;2;4;5
2023/01/11 2:23:51 AM GMT+2;01/06/2022;No;;2;2;2;5;5;5;5;1= mai;4;3;3;1= mai;1= mai;1= mai;2;5;5;5;5;5;5;4;5;4;4;4;3;4;6;6;6;6;6;6;6;6;4;4;4;4;4
2023/01/11 2:25:41 AM GMT+2;01/06/2022;No;;6;5;5;7= spesso;5;7= spesso;7= spesso;6;6;6;5;6;6;5;6;6;5;7= molto positivo;5;7= molto positivo;7= molto positivo;7= molto positivo;7= molto positivo;7= molto positivo;6;7= molto positivo;7= molto positivo;5;7= completamente d'accordo;7= completamente d'accordo;7= completamente d'accordo;7= completamente d'accordo;7;7= molto probabile;7= molto probabile;7= molto probabile;5;7= completamente d'accordo;4;7= completamente d'accordo;7= completamente d'accordo
2023/01/11 2:27:34 AM GMT+2;01/06/2022;No;;6;5;5;7= spesso;5;6;7= spesso;7= spesso;6;6;6;5;6;5;7= molto positivo;6;5;7= molto positivo;5;6;7= molto positivo;7= molto positivo;7= molto positivo;7= molto positivo;7= molto positivo;7= molto positivo;7= molto positivo;5;7= completamente d'accordo;7= completamente d'accordo;7= completamente d'accordo;7= completamente d'accordo;7;7= molto probabile;7= molto probabile;7= molto probabile;5;6;4;6;6
2023/01/11 2:25:25 PM GMT+2;01/06/2022;No;;6;5;3;7= spesso;4;6;7= spesso;5;5;5;5;5;5;4;7= molto positivo;6;4;7= molto positivo;5;7= molto positivo;7= molto positivo;5;7= molto positivo;7= molto positivo;7= molto positivo;7= molto positivo;7= molto positivo;5;7= completamente d'accordo;7= completamente d'accordo;7= completamente d'accordo;7= completamente d'accordo;7;7= molto probabile;7= molto probabile;7= molto probabile;4;6;4;6;6
2023/01/11 2:50:42 PM GMT+2;01/06/2022;No;;6;5;5;6;7= spesso;6;6;6;6;6;6;6;6;5;7= molto positivo;6;6;7= molto positivo;5;7= molto positivo;7= molto positivo;6;7= molto positivo;7= molto positivo;7= molto positivo;7= molto positivo;7= molto positivo;6;7= completamente d'accordo;7= completamente d'accordo;7= completamente d'accordo;7= completamente d'accordo;7;7= molto probabile;7= molto probabile;7= molto probabile;5;7= completamente d'accordo;5;7= completamente d'accordo;7= completamente d'accordo
2023/01/11 2:53:40 PM GMT+2;01/06/2022;No;;5;4;4;6;3;5;7= spesso;5;4;5;6;6;5;4;6;6;4;7= molto positivo;4;6;7= molto positivo;5;6;6;5;5;5;4;6;6;6;6;6;6;6;6;4;5;3;6;6
2023/01/11 2:55:45 PM GMT+2;01/06/2022;No;;7= spesso;5;4;5;5;7= spesso;7= spesso;6;6;6;5;6;5;4;7= molto positivo;5;5;7= molto positivo;5;7= molto positivo;7= molto positivo;6;6;6;6;6;6;5;7= completamente d'accordo;7= completamente d'accordo;7= completamente d'accordo;7= completamente d'accordo;7;7= molto probabile;7= molto probabile;7= molto probabile;4;6;4;6;6
2023/01/11 9:05:50 PM GMT+2;01/06/2022;No;;7= spesso;5;5;7= spesso;5;7= spesso;7= spesso;6;6;6;6;6;6;5;7= molto positivo;6;5;7= molto positivo;5;7= molto positivo;7= molto positivo;6;7= molto positivo;7= molto positivo;7= molto positivo;7= molto positivo;7= molto positivo;5;7= completamente d'accordo;7= completamente d'accordo;7= completamente d'accordo;7= completamente d'accordo;7;7= molto probabile;7= molto probabile;7= molto probabile;5;7= completamente d'accordo;5;7= completamente d'accordo;7= completamente d'accordo
2023/01/11 9:08:41 PM GMT+2;01/06/2022;No;;6;5;4;7= spesso;5;7= spesso;7= spesso;5;5;6;6;6;5;5;7= molto positivo;6;5;7= molto positivo;5;7= molto positivo;7= molto positivo;6;6;6;6;6;6;5;7= completamente d'accordo;7= completamente d'accordo;7= completamente d'accordo;7= completamente d'accordo;7;7= molto probabile;7= molto probabile;7= molto probabile;5;7= completamente d'accordo;5;7= completamente d'accordo;6
2023/01/11 9:10:24 PM GMT+2;01/06/2022;No;;7= spesso;6;5;7= spesso;5;6;6;5;6;6;6;6;5;5;7= molto positivo;6;5;7= molto positivo;5;7= molto positivo;7= molto positivo;6;7= molto positivo;7= molto positivo;7= molto positivo;7= molto positivo;6;5;7= completamente d'accordo;7= completamente d'accordo;7= completamente d'accordo;7= completamente d'accordo;7;7= molto probabile;7= molto probabile;7= molto probabile;6;7= completamente d'accordo;6;7= completamente d'accordo;7= completamente d'accordo
2023/01/11 9:12:41 PM GMT+2;01/05/2022;No;;7= spesso;5;4;7= spesso;5;7= spesso;7= spesso;7= spesso;6;6;5;6;6;4;7= molto positivo;5;4;7= molto positivo;5;7= molto positivo;7= molto positivo;7= molto positivo;6;6;5;6;6;4;7= completamente d'accordo;7= completamente d'accordo;7= completamente d'accordo;7= completamente d'accordo;7;7= molto probabile;7= molto probabile;7= molto probabile;4;6;3;7= completamente d'accordo;6
2023/01/11 9:14:30 PM GMT+2;01/05/2022;No;;7= spesso;4;4;6;5;6;6;6;5;6;6;6;5;5;7= molto positivo;4;4;5;6;6;6;5;6;6;6;6;5;5;6;6;6;6;6;7= molto probabile;7= molto probabile;7= molto probabile;3;6;3;6;6
2023/01/11 9:16:40 PM GMT+2;01/05/2022;No;;5;3;3;7= spesso;3;6;6;5;4;6;5;5;1= mai;5;7= molto positivo;5;4;7= molto positivo;4;6;7= molto positivo;5;4;6;5;5;3;5;7= completamente d'accordo;7= completamente d'accordo;7= completamente d'accordo;7= completamente d'accordo;6;7= molto probabile;7= molto probabile;7= molto probabile;5;7= completamente d'accordo;4;7= completamente d'accordo;6
2023/01/11 9:22:26 PM GMT+2;01/05/2022;No;;7= spesso;3;3;7= spesso;4;7= spesso;7= spesso;6;5;6;6;5;4;4;7= molto positivo;3;3;7= molto positivo;4;7= molto positivo;7= molto positivo;6;5;6;5;5;4;4;7= completamente d'accordo;7= completamente d'accordo;7= completamente d'accordo;7= completamente d'accordo;7;7= molto probabile;7= molto probabile;7= molto probabile;5;7= completamente d'accordo;4;7= completamente d'accordo;6
2023/01/11 9:24:41 PM GMT+2;01/05/2022;No;;7= spesso;4;4;7= spesso;3;6;6;6;5;5;6;5;5;5;7= molto positivo;5;5;7= molto positivo;4;7= molto positivo;7= molto positivo;7= molto positivo;6;6;6;6;5;5;7= completamente d'accordo;7= completamente d'accordo;7= completamente d'accordo;7= completamente d'accordo;7;7= molto probabile;7= molto probabile;7= molto probabile;4;6;4;7= completamente d'accordo;6
2023/01/11 9:27:12 PM GMT+2;01/07/2022;No;;6;5;4;6;4;5;6;4;5;4;4;4;4;3;6;6;5;7= molto positivo;5;6;7= molto positivo;5;7= molto positivo;6;6;6;6;4;7= completamente d'accordo;7= completamente d'accordo;7= completamente d'accordo;7= completamente d'accordo;7;7= molto probabile;7= molto probabile;7= molto probabile;5;3;6;3;6
2023/01/11 9:29:05 PM GMT+2;01/07/2022;No;;5;4;4;6;4;6;6;4;4;4;4;4;4;3;7= molto positivo;6;5;7= molto positivo;4;6;7= molto positivo;5;7= molto positivo;6;6;6;6;5;6;6;6;6;6;7= molto probabile;7= molto probabile;7= molto probabile;3;6;3;6;6
2023/01/11 9:31:26 PM GMT+2;01/05/2022;No;;5;3;3;7= spesso;4;6;6;5;5;4;3;4;4;3;6;6;5;7= molto positivo;5;6;7= molto positivo;5;6;6;6;6;6;4;6;6;6;6;6;6;6;6;3;6;3;6;5
2023/01/11 9:34:27 PM GMT+2;01/06/2022;No;;5;4;4;6;4;5;6;4;5;5;5;5;5;4;6;5;4;7= molto positivo;4;7= molto positivo;7= molto positivo;6;6;6;5;6;6;4;6;6;6;6;6;6;6;6;4;5;3;5;5
2023/01/11 9:36:55 PM GMT+2;01/06/2022;No;;5;4;3;6;4;6;7= spesso;5;5;4;4;4;4;3;6;5;5;7= molto positivo;5;6;7= molto positivo;6;6;5;5;6;6;4;7= completamente d'accordo;7= completamente d'accordo;7= completamente d'accordo;7= completamente d'accordo;7;7= molto probabile;7= molto probabile;7= molto probabile;3;6;3;6;6
2023/01/12 1:37:42 AM GMT+2;01/06/2022;No;;5;4;3;7= spesso;5;6;7= spesso;4;5;4;4;5;5;4;6;6;4;7= molto positivo;4;6;7= molto positivo;5;7= molto positivo;6;6;6;6;5;7= completamente d'accordo;7= completamente d'accordo;7= completamente d'accordo;7= completamente d'accordo;7;7= molto probabile;7= molto probabile;7= molto probabile;3;6;3;7= completamente d'accordo;6
2023/01/12 1:39:34 AM GMT+2;01/05/2022;No;;6;5;4;7= spesso;5;7= spesso;7= spesso;6;5;6;6;6;6;5;6;5;4;7= molto positivo;5;7= molto positivo;7= molto positivo;6;5;6;6;6;6;5;7= completamente d'accordo;7= completamente d'accordo;7= completamente d'accordo;7= completamente d'accordo;7;7= molto probabile;7= molto probabile;7= molto probabile;4;6;3;7= completamente d'accordo;6
2023/01/12 1:46:09 AM GMT+2;01/05/2022;No;;6;4;4;7= spesso;5;6;6;6;5;5;5;5;5;4;6;4;4;7= molto positivo;5;6;6;6;5;5;5;5;5;4;7= completamente d'accordo;7= completamente d'accordo;7= completamente d'accordo;7= completamente d'accordo;7;7= molto probabile;7= molto probabile;7= molto probabile;4;6;3;6;6
2023/01/12 1:48:29 AM GMT+2;01/05/2022;No;;6;5;4;7= spesso;5;6;6;6;5;6;6;6;5;4;6;5;4;7= molto positivo;5;6;6;6;5;6;6;6;5;4;7= completamente d'accordo;7= completamente d'accordo;7= completamente d'accordo;7= completamente d'accordo;7;7= molto probabile;7= molto probabile;7= molto probabile;3;6;2;7= completamente d'accordo;6
2023/01/12 1:50:32 AM GMT+2;01/07/2022;No;;5;4;5;6;4;6;7= spesso;4;4;4;4;4;4;3;7= molto positivo;5;5;7= molto positivo;5;7= molto positivo;7= molto positivo;5;7= molto positivo;7= molto positivo;6;6;6;5;7= completamente d'accordo;7= completamente d'accordo;7= completamente d'accordo;7= completamente d'accordo;6;7= molto probabile;7= molto probabile;7= molto probabile;4;6;3;6;6
2023/01/12 1:53:50 AM GMT+2;01/06/2022;No;;1= mai;1= mai;2;5;4;6;6;1= mai;5;5;5;5;5;3;1= molto negativo;1= molto negativo;2;7= molto positivo;4;6;6;4;7= molto positivo;7= molto positivo;7= molto positivo;7= molto positivo;6;3;7= completamente d'accordo;7= completamente d'accordo;7= completamente d'accordo;7= completamente d'accordo;7;7= molto probabile;7= molto probabile;7= molto probabile;2;6;4;6;5
2023/01/12 1:55:38 AM GMT+2;01/06/2022;No;;1= mai;1= mai;1= mai;5;2;5;6;4;6;5;5;5;5;4;non posso rispondere;non posso rispondere;non posso rispondere;6;5;6;6;non posso rispondere;7= molto positivo;6;6;6;6;4;7= completamente d'accordo;7= completamente d'accordo;7= completamente d'accordo;7= completamente d'accordo;7;7= molto probabile;7= molto probabile;7= molto probabile;3;6;3;6;6
2023/01/12 1:58:12 AM GMT+2;01/06/2022;No;;4;4;4;5;4;5;5;4;5;5;5;5;5;4;4;4;4;7= molto positivo;5;6;6;4;7= molto positivo;6;6;6;6;5;7= completamente d'accordo;7= completamente d'accordo;7= completamente d'accordo;7= completamente d'accordo;7;6;6;6;3;6;3;6;6
2023/01/12 11:32:21 PM GMT+2;01/05/2022;No;;6;4;4;7= spesso;4;7= spesso;7= spesso;6;6;6;6;6;5;6;7= molto positivo;5;5;7= molto positivo;4;7= molto positivo;7= molto positivo;6;6;5;6;6;5;6;7= completamente d'accordo;7= completamente d'accordo;7= completamente d'accordo;7= completamente d'accordo;7;7= molto probabile;7= molto probabile;7= molto probabile;4;7= completamente d'accordo;4;7= completamente d'accordo;5
2023/01/12 11:35:47 PM GMT+2;01/06/2022;No;;1= mai;1= mai;4;5;4;6;6;1= mai;1= mai;1= mai;1= mai;1= mai;1= mai;1= mai;1= molto negativo;1= molto negativo;4;5;4;6;6;3;3;3;3;3;3;3;6;6;6;6;7;6;7= molto probabile;7= molto probabile;5;6;6;6;6
2023/01/12 11:38:06 PM GMT+2;01/05/2022;No;;7= spesso;3;4;7= spesso;5;7= spesso;6;5;4;5;6;6;5;5;7= molto positivo;5;4;7= molto positivo;5;7= molto positivo;6;6;5;5;6;5;5;5;7= completamente d'accordo;7= completamente d'accordo;7= completamente d'accordo;7= completamente d'accordo;7;7= molto probabile;7= molto probabile;7= molto probabile;4;6;3;6;5
2023/01/12 11:40:23 PM GMT+2;01/05/2022;No;;7= spesso;5;4;7= spesso;5;7= spesso;7= spesso;7= spesso;5;5;6;6;5;5;7= molto positivo;5;4;7= molto positivo;5;7= molto positivo;7= molto positivo;6;6;5;6;6;5;6;7= completamente d'accordo;7= completamente d'accordo;7= completamente d'accordo;7= completamente d'accordo;7;7= molto probabile;7= molto probabile;7= molto probabile;5;7= completamente d'accordo;4;7= completamente d'accordo;7= completamente d'accordo
2023/01/12 11:42:27 PM GMT+2;01/09/2022;No;;7= spesso;5;4;7= spesso;5;7= spesso;7= spesso;7= spesso;6;4;6;6;5;5;7= molto positivo;5;5;7= molto positivo;5;7= molto positivo;7= molto positivo;7= molto positivo;6;5;5;6;6;6;7= completamente d'accordo;7= completamente d'accordo;7= completamente d'accordo;7= completamente d'accordo;7;7= molto probabile;7= molto probabile;7= molto probabile;4;7= completamente d'accordo;4;7= completamente d'accordo;5
2023/01/12 11:45:47 PM GMT+2;01/05/2022;Si;Interno verde;7= spesso;3;5;7= spesso;6;7= spesso;7= spesso;5;4;4;4;5;4;5;7= molto positivo;4;5;7= molto positivo;6;7= molto positivo;7= molto positivo;5;4;5;5;4;5;4;7= completamente d'accordo;7= completamente d'accordo;7= completamente d'accordo;7= completamente d'accordo;7;7= molto probabile;7= molto probabile;7= molto probabile;7= completamente d'accordo;7= completamente d'accordo;5;7= completamente d'accordo;7= completamente d'accordo
